subreddit	num_comments	num_sentences	avg_num_sentences	max_num_sentences	num_words	avg_num_words	max_num_words	avg_words_sentence
politics	92136787	275703057	2.9923233268379543	486	4047007407	43.92390421645591	5734	14.678863016741959
The_Donald	32571394	76793156	2.3576871164924658	397	971747223	29.83437623210109	1964	12.654086296440271
ukpolitics	9848476	28593722	2.903365150100381	314	472161539	47.94259934227387	2541	16.51276944638407
Libertarian	6314029	22399043	3.5475039788382348	204	346214032	54.83250583739796	4314	15.456643928939286
PoliticalHumor	4658127	12944985	2.7790107483114994	240	184616531	39.63321115976443	2137	14.261625718376653
SandersForPresident	4327354	13276740	3.0680965781861156	184	196004270	45.29425371716758	1861	14.762981725935735
PoliticalDiscussion	4253879	17122535	4.025157979340738	176	279327918	65.66428382189527	3057	16.313467485976812
neoliberal	3844930	8305515	2.1601212505819354	274	129125563	33.583332596432186	2012	15.546966443381296
Conservative	2959662	9067760	3.0637822832472086	356	136637106	46.16645616965721	2609	15.068451966086442
Economics	2526561	10197952	4.036297560201397	256	165502352	65.50498958861472	2539	16.228979308786705
syriancivilwar	2243779	6681092	2.977606974661943	161	107621844	47.96454731058629	1900	16.10842119821131
worldpolitics	2205510	7136159	3.2356049167766185	148	106847347	48.44564159763502	2275	14.97266905067558
AskTrumpSupporters	1927256	8610731	4.467870900388947	263	137411032	71.29879580086921	2830	15.958114589806604
CanadaPolitics	1921376	7484946	3.895617515780357	124	128210305	66.72837851623004	1832	17.129088840453893
TrueReddit	1917164	7752687	4.043830887707051	331	130390126	68.01198332537018	2469	16.818701180635824
Anarcho_Capitalism	1754590	6862843	3.9113656181786056	163	110345209	62.88945508637345	2089	16.07864393808805
EnoughTrumpSpam	1641465	4750487	2.894053178106143	166	61114569	37.2317222724822	1882	12.864906061210146
JordanPeterson	1414936	5937868	4.1965629540841425	181	95633375	67.58848103377115	2022	16.10567547139815
CapitalismVSocialism	1333156	5932072	4.4496458028917845	169	96329400	72.25666013579806	1959	16.2387442364152
socialism	1252673	4581440	3.6573311630409533	170	77869239	62.16246298914402	2197	16.996673316686458
samharris	1240224	5252208	4.2348866011301185	138	88712406	71.52934147379828	1879	16.89049748220177
Anarchism	1220344	4329579	3.5478348727899673	183	71295944	58.42282503949706	2190	16.467177062712103
WayOfTheBern	1146495	4203574	3.666456460778285	162	64084315	55.89585214065478	1916	15.245197301153732
hillaryclinton	1055166	2844907	2.6961700812952656	112	40890945	38.753091930558796	1807	14.373385492038931
Israel	962763	3230506	3.355453003490994	146	50941793	52.912080127715754	2026	15.768982629965707
YangForPresidentHQ	953598	3137262	3.2899209100690228	111	45870178	48.10221707679756	1804	14.621086157292568
ShitPoliticsSays	820638	2376322	2.895700662167728	155	35253639	42.9588186264833	2412	14.835379632894869
The_Mueller	792185	2293373	2.8949967494966455	161	31033781	39.17491621275333	1872	13.531937892353316
progun	703265	2228464	3.1687400908619083	163	33976971	48.313183508350335	2232	15.246811705282203
AskThe_Donald	700806	2857212	4.077037011669421	251	44901204	64.07080418832031	1908	15.715041096005477
POLITIC	681023	2744989	4.030684719899328	206	36158895	53.094968892386895	1793	13.172692131006718
Enough_Sanders_Spam	628501	1698011	2.7016838477583964	129	25832689	41.102065072291055	1782	15.213499205835534
law	602846	2265208	3.7575234802918156	166	38714581	64.21968628804039	2490	17.090960741795016
LabourUK	602154	1938766	3.2197178794793357	136	33666858	55.91071054912863	1930	17.365096148787426
COMPLETEANARCHY	599295	1407337	2.348320943775603	213	21319218	35.57382924936801	1851	15.148623250863155
esist	564640	1876140	3.3227189005383964	166	25880100	45.83469113063191	1872	13.794333045508331
slatestarcodex	557447	2676474	4.801306671306869	160	52009768	93.29993344658774	1952	19.43219624027732
uncensorednews	541133	1532214	2.8314924427081696	165	22091377	40.82430197382159	1870	14.417944882372828
centerleftpolitics	512437	1016428	1.9835179739167936	144	15123465	29.512827918358745	1867	14.879032258064516
AskFeminists	503234	2719108	5.403267664744433	171	48372873	96.1240158653827	1895	17.78997855178978
FeMRADebates	498425	2897832	5.813978030797011	171	52981311	106.29745899583689	2232	18.283085768947267
UkrainianConflict	481573	1655572	3.437842237833101	170	25795849	53.565812452110066	2493	15.581230535428238
Fuckthealtright	477389	1328010	2.78181943865485	133	19075477	39.95793158200126	1788	14.363955843705996
BlueMidterm2018	470515	1312660	2.789836668331509	152	19852735	42.193628258397716	1849	15.124049639662974
Political_Revolution	466686	1633608	3.500443553052802	183	24986662	53.540629031083	1803	15.295384204778625
AskALiberal	450237	2145780	4.765889964618634	142	35691323	79.2723010325673	1865	16.633262962652275
MarchAgainstTrump	442586	1352494	3.055889702792226	137	19235047	43.46058619115833	1906	14.221909302370287
Shitstatistssay	439770	1336398	3.0388566750801553	136	20270042	46.09237101211997	1835	15.167668613691431
ENLIGHTENEDCENTRISM	437096	1246559	2.851911250617713	137	19511649	44.63927604004612	1834	15.652407146392589
geopolitics	431776	2021189	4.68110548061958	127	36698792	84.9949788779367	2126	18.15703133155781
gunpolitics	424511	1493441	3.5180266235739475	134	23578364	55.54240997288645	1883	15.787944753090347
stupidpol	420192	1111475	2.645159831695987	208	19284575	45.89467433934963	1728	17.35043523246137
liberalgunowners	419614	1432539	3.4139447206241926	141	23045308	54.92025528223558	1884	16.087037071940102
badeconomics	414874	1458979	3.5166797630123843	133	23731318	57.20126592652227	1746	16.26570224794188
FULLCOMMUNISM	396279	821829	2.073864625680392	136	11764028	29.68622611846704	1887	14.314447409375916
economy	390779	1486841	3.8048129505423782	176	22972830	58.7872685072637	1848	15.450764405877965
EnoughLibertarianSpam	389416	1259909	3.2353806725969143	170	19929955	51.17908611870082	2319	15.818567055239704
NeutralPolitics	388112	1949227	5.022331182751371	144	34766384	89.57822484231356	2439	17.8359852392769
AustralianPolitics	383658	1340397	3.4937287897033293	125	21233702	55.34539094714564	1752	15.841352972291045
brexit	383311	1332859	3.4772260644750608	137	21603703	56.36076971440945	1827	16.20854343932854
onguardforthee	379820	1171120	3.0833552735506293	130	18769484	49.41678689905745	2028	16.0269519775941
Republican	375829	1404772	3.7377956464243045	152	21292862	56.655718425134836	2208	15.15752164764104
DebateAltRight	355984	1506665	4.232395276192189	179	24248016	68.11546586363433	1858	16.09383373211696
Trumpgret	339550	1075563	3.167613017228685	124	15039965	44.29381534383743	1822	13.983341747531293
occupywallstreet	338952	1208158	3.56439259836201	181	18713187	55.208958790625225	2202	15.489022958917625
SelfAwarewolves	337643	969508	2.87139967361977	128	15103910	44.733372230432735	1821	15.578943134043246
ShitLiberalsSay	317977	717048	2.2550310242564713	175	11211279	35.25814445698903	1879	15.635325668574488
moderatepolitics	315793	1484606	4.701199836601825	149	24683060	78.1621505226525	1860	16.626000433785126
democrats	312721	999987	3.1976969886895987	121	14567680	46.58363205541041	1717	14.56786938230197
BasicIncome	309582	1528341	4.936788960598484	154	26025851	84.0677138851742	1872	17.02882471909083
Kossacks_for_Sanders	299256	1075206	3.5929304675595475	149	16906381	56.4947102146657	1849	15.72385291748744
climateskeptics	295306	1327217	4.494378712251021	128	21077405	71.3747942811863	1800	15.880903424232812
PoliticalCompassMemes	289785	573188	1.9779767758855704	115	8325472	28.72982383491209	1628	14.524853974612169
Ask_Politics	289599	1407865	4.861429079520303	151	24505680	84.61935296737903	1863	17.406271197877636
Pete_Buttigieg	288445	875410	3.0349286692437034	117	13994030	48.515418884016015	1847	15.985686706800243
WatchRedditDie	285614	735198	2.574096507874264	240	10456903	36.612011315971905	1729	14.223247342892662
inthenews	272871	819081	3.001715096144332	166	12211696	44.75263402853363	2161	14.909021207914725
POTUSWatch	265100	1877205	7.081120331950207	283	32699958	123.34952093549605	1870	17.419492277082153
GoldandBlack	261142	968647	3.709273115776091	150	15826305	60.6042115017883	1826	16.338568126469188
SargonofAkkad	253328	808937	3.193239594517779	170	12670212	50.01504768521443	1831	15.662792034484761
DebateFascism	252987	962308	3.803784384177843	146	16038593	63.39690576986169	1809	16.666797948266044
GunsAreCool	251803	840025	3.3360404760864646	137	13346172	53.00243444279854	1779	15.887827148001547
HillaryForPrison	250043	656395	2.625128477901801	106	8776862	35.10141055738413	1844	13.371311481653578
ronpaul	248497	789708	3.1779377618240865	200	11675410	46.98410846006189	1862	14.784464637562237
WikiLeaks	238840	792211	3.3169109026963657	212	12105584	50.68491040026796	1705	15.280757272999239
progressive	236809	812388	3.4305621830251383	122	12819673	54.13507510271992	1721	15.780234321531092
AgainstHateSubreddits	233384	723678	3.100803825455044	160	10029954	42.97618517121997	1784	13.859691741354581
enoughsandersspam	210707	496495	2.3563289306952306	202	7090394	33.650490966128324	1771	14.280897088591024
RightwingLGBT	204075	644502	3.158162440279309	118	10116875	49.5742986647066	1895	15.697197215834862
SRSDiscussion	202155	951527	4.706917958991863	156	17855656	88.32656130197125	1856	18.765264674570453
DebateCommunism	199969	1103754	5.5196255419590035	145	19559649	97.81340607794208	2150	17.721022075571188
communism	199630	703414	3.5235886389821167	112	12814953	64.19352301758252	2031	18.21822283889715
enoughpetersonspam	195060	707210	3.625602378755255	143	12118924	62.12921152465908	2855	17.136245245400943
PoliticalVideo	193949	816669	4.210740967986429	132	10924028	56.32422956550433	1754	13.376322598261964
prolife	193256	800820	4.143829945771412	159	12866619	66.5781088297388	1874	16.06680527459354
Sino	191846	799487	4.167337343494261	118	14140057	73.70524795930069	1731	17.686412662119583
Liberal	188564	682911	3.621640397955071	158	10483898	55.5986190365075	1819	15.351777903709268
TrumpCriticizesTrump	187943	482392	2.5666930931186585	104	6828640	36.33356922045514	1762	14.15579031161379
VoteBlue	187875	492295	2.6203326679973387	108	7547353	40.17220492348636	1504	15.330956032460211
TheMotte	185772	953929	5.1349449863273255	146	19020037	102.38376612191288	1916	19.93862960450935
askaconservative	182173	905300	4.96945211419914	133	15003654	82.35937268420678	1845	16.573129349386942
RussiaLago	181044	588248	3.249199089724045	146	8875779	49.0255352290051	1744	15.08849838843481
Abortiondebate	171512	863078	5.032172675964364	142	13910845	81.10712369979943	1862	16.11771473725434
AnythingGoesNews	170942	528722	3.0929906050005265	124	7907471	46.25821038714886	1854	14.955819882660453
Anarchy101	170265	791657	4.649558041875899	130	14422499	84.70618741373741	2219	18.218115926468155
BannedFromThe_Donald	168199	486687	2.8935189864386825	129	6905566	41.05592779980856	1787	14.18892635307703
conservatives	164271	606204	3.6902679109520244	302	9264975	56.400551527658564	2222	15.283592651978541
TiADiscussion	163626	759022	4.638761566010292	172	13432495	82.09266864679208	1862	17.697108911204154
thedavidpakmanshow	162299	687632	4.236822161565999	118	11136949	68.61994836690306	1839	16.19608889638644
tuesday	162286	660701	4.071213783074326	106	10810789	66.61566000764083	1712	16.36260426425872
communism101	157590	695720	4.414747128624913	107	13223092	83.90819214417158	1768	19.00634163169091
AskSocialScience	146020	763748	5.230434187097658	140	14332792	98.1563621421723	4176	18.766388913620723
libertarianmeme	144920	412008	2.84300303615788	125	6015495	41.50907397184653	1783	14.600432515873479
willis7737_news	139869	1108158	7.922827788859576	67	25600303	183.0305714632978	1122	23.1016723247046
neoconNWO	138655	321497	2.3186830622768744	129	5322360	38.38563340665681	1787	16.554928972898658
GaryJohnson	136011	391959	2.8818183823367227	111	5948888	43.73828587393667	1876	15.177322117874574
DebateAnarchism	135469	745856	5.505731938672316	141	13309957	98.25094302017436	2381	17.845210067358845
Impeach_Trump	131211	334446	2.5489173925966573	157	4749064	36.194099580065696	1550	14.199793090663366
OurPresident	126319	448532	3.5507880841361947	112	6434821	50.94103816527996	1644	14.346403378131326
ShitRConservativeSays	125756	380702	3.027306848182194	106	5156413	41.00331594516365	1910	13.544486238580307
altright	124867	374379	2.998222108323256	106	5427950	43.46985192244548	1811	14.498542920409532
DebateaCommunist	124215	747483	6.017654872599928	135	12650955	101.8472406714165	1854	16.92473942551202
IsraelPalestine	121052	677040	5.592968311139015	146	10861923	89.72939728381192	1910	16.043251506557958
neutralnews	117097	579055	4.94508826016038	142	9409193	80.35383485486392	1786	16.24922157653418
obama	106638	345567	3.2405615259100884	164	5202794	48.78930587595416	1720	15.055818408586468
Palestine	103254	448074	4.33953164042071	126	7479002	72.4330485986015	1892	16.691443824011213
EnoughCommieSpam	101541	297978	2.9345584542204626	199	4612113	45.42118947026324	1849	15.478031935243541
WhiteRights	101087	329552	3.2600828988890758	165	4869878	48.175116483820865	1681	14.777267320483565
EnoughPaulSpam	98891	298908	3.022600641109909	135	4670478	47.228544559161094	2586	15.62513549319523
AskEconomics	98733	491800	4.981110672216989	190	8355362	84.62582925668217	1783	16.989349328995527
TheNewRight	96996	277389	2.8597983421996784	113	3953768	40.76217575982515	1915	14.253514018219901
killthosewhodisagree	91313	221482	2.425525390689168	105	3185595	34.88654408463198	1616	14.383087564677941
Socialism_101	84630	483635	5.7146992792154085	119	8429092	99.59933829611249	1753	17.428622825064355
trumptweets	80788	193121	2.3904664059018668	142	2559516	31.68188344803684	1683	13.253431786289426
prochoice	79999	372722	4.6590832385404815	140	5895920	73.69992124901562	1801	15.818545725768804
NorthKoreaNews	79248	253254	3.1957147183525136	102	4158595	52.47570916616192	1805	16.420648834766677
AskLibertarians	77271	393894	5.097565710292348	133	6708994	86.82421607071217	1840	17.03248589722108
MoreTankieChapo	76869	179333	2.3329690772613145	108	2854897	37.13977025849172	1653	15.9195295902037
ElizabethWarren	76338	276604	3.6234116691555975	121	4545376	59.542770310985354	1588	16.432792005900133
metanarchism	75690	250188	3.30543004359889	109	3879390	51.25366627031312	1628	15.505899563528226
daverubin	74934	210885	2.8142765633757705	109	3378938	45.09218779192356	1740	16.022656898309506
Freethought	74231	298114	4.016031038245477	118	4880974	65.75384946989801	1845	16.3728439456047
monarchism	73222	230764	3.151566469093988	116	3981705	54.37853377400235	1770	17.254446100778285
IntellectualDarkWeb	72140	345013	4.782547823676185	120	5812386	80.57091766010535	1739	16.84686084292476
tulsi	71036	226687	3.191156596655217	88	3474600	48.91322709612027	1733	15.327742658379174
Cascadia	70912	261663	3.689967847472924	128	4312405	60.81347303700361	1871	16.480759603000806
trump	70560	254892	3.6124149659863947	114	3576810	50.69175170068027	1781	14.032649121981075
FriendsofthePod	70166	222617	3.1727189807029044	129	3808800	54.28270102328763	1731	17.10920549643558
DemocraticSocialism	69093	222276	3.2170552733272544	134	3252229	47.070311030060935	1651	14.631489679497562
jillstein	67909	224956	3.3126095215656246	93	3486768	51.34471130483441	1597	15.499777734312488
chomsky	65342	254169	3.8898258394294634	143	4379018	67.01689571791498	2293	17.228765112976014
Keep_Track	64987	211298	3.2513887392863188	135	3185040	49.010417468109004	2252	15.073687398839553
TexasPolitics	64816	223595	3.449688348555912	110	3388628	52.28073315230807	1752	15.15520472282475
uspolitics	63646	201296	3.1627439273481444	103	3023309	47.50194827640386	1703	15.019220451474446
2ALiberals	63060	205775	3.263162067871868	95	3237397	51.3383602917856	1687	15.732703195237518
redacted	61671	193259	3.133709523114592	134	2662605	43.17434450552123	1543	13.777391997267914
DNCleaks	61435	204587	3.330137543745422	146	3114154	50.69022544152356	1797	15.221661200369525
Beto2020	61435	211939	3.449808740945715	96	2955987	48.11568324245137	1794	13.947348057695846
media_criticism	60382	263141	4.35793779603193	139	4014273	66.48128581365307	1816	15.255216784917591
EndlessWar	60271	198633	3.2956645816395946	140	3144749	52.176818038525994	1807	15.831956422145364
AutoNewspaper	59927	662769	11.059605853788776	152	11662483	194.61149398434762	1786	17.59660303967144
LouderWithCrowder	59789	217447	3.636906454364515	167	3098795	51.82884811587416	1896	14.250805943517271
DrainTheSwamp	59251	185048	3.1231202848897066	160	2502391	42.23373445173921	1788	13.522929185940946
the_meltdown	59245	154350	2.6052831462570682	96	2145147	36.20806819140856	1758	13.897939747327502
AntifascistsofReddit	59192	160408	2.7099608055142586	125	2380913	40.2235606162995	1799	14.842856964739914
restorethefourth	58126	194888	3.3528541444448265	154	3030910	52.14379107456216	1963	15.552060670744222
shitguncontrollerssay	57918	187744	3.2415483960081493	130	2791645	48.19995510894713	1883	14.869423257201296
Objectivism	56437	270817	4.7985718588869	124	4577795	81.11336534542941	1945	16.903647112256618
WhereIsAssange	53519	178817	3.3411872419140867	120	2667175	49.83603953736056	1794	14.915667973402977
PresidentialRaceMemes	53255	145231	2.7270866585297155	96	2259888	42.43522673927331	1708	15.56064476592463
PanicHistory	51645	150442	2.913002226740246	97	2303261	44.59794752638203	1793	15.309959984578775
DarkEnlightenment	50271	263214	5.235901414334308	130	4316012	85.85490640727258	1756	16.397349685047146
BritishPolitics	49848	172825	3.4670398009950247	115	3070861	61.604497672925696	1704	17.768615651670764
walkaway	49551	178550	3.6033581562430625	117	2607150	52.61548707392384	1901	14.601792215065808
The_Congress	47965	121540	2.533930991347858	217	1568057	32.69169185864693	1514	12.901571499094949
DankLeft	45289	101323	2.2372540793570184	123	1499895	33.11830687363378	1447	14.803104921883481
inthemorning	45277	149222	3.2957572277315195	146	2132682	47.102988272191176	1851	14.292007880875474
austrian_economics	43928	202460	4.608905481697323	136	3410314	77.63417410307777	2171	16.844384075866838
KeepOurNetFree	43925	131044	2.983357996585088	108	2010884	45.77994308480364	1675	15.345105460761271
tories	43527	156332	3.5916098054081376	116	2595474	59.629057826176854	1755	16.60232070209554
antifa	42648	131174	3.075736259613581	115	1768578	41.469189645469896	1796	13.482687117873969
FreeSpeech	42203	152533	3.614269127787124	102	2293928	54.35461933985736	1600	15.038896501085011
ukipparty	41308	145633	3.5255398470030017	127	2434514	58.935654110583904	1980	16.716774357460192
socialjustice101	41092	218993	5.329334176968753	121	4027561	98.0132629222233	1844	18.391277346764507
Intelligence	39663	138440	3.4904066762473844	122	2222120	56.0250107152762	1868	16.0511412886449
AmericanPolitics	39594	142931	3.609915643784412	117	2210736	55.83512653432338	1668	15.46715548061652
randpaul	39551	117630	2.9741346615761928	88	1720544	43.501908927713586	1446	14.626744878007312
badpolitics	39094	128542	3.2880237376579524	111	2068050	52.89942190617486	1703	16.088515815842293
AskConservatives	38170	207938	5.447681425203039	121	3538400	92.70107414199633	1738	17.016610720503227
LeftWithoutEdge	38094	123789	3.24956686092298	92	2216363	58.1814196461385	1703	17.904361453764068
worldevents	37604	126456	3.3628337410913733	162	2064556	54.9025635570684	1829	16.326279496425634
SyrianRebels	37528	122365	3.260632061394159	92	2079005	55.398768919206994	1671	16.99019327422057
LibDem	37054	120307	3.2468019647001674	92	2152038	58.07842608085497	1715	17.887886822878137
centrist	36759	148134	4.0298702358606056	103	2467281	67.12046029543785	1708	16.655737372919113
Capitalism	35245	151205	4.290112072634416	98	2425762	68.82570577386863	1924	16.04286895274627
smuggies	35073	83045	2.367775781940524	63	1226792	34.978245373934364	1477	14.772617255704738
California_Politics	33739	120238	3.563768932096387	107	1899514	56.300246006105695	1758	15.797950731050085
askhillarysupporters	33517	158016	4.714503087985202	117	2536671	75.683116030671	1762	16.05325410085055
mormonpolitics	33252	170657	5.132232647660291	115	2754873	82.84833994947672	1610	16.142748319729048
NOWTTYG	32198	93642	2.9083172867879994	163	1426685	44.30973973538729	1654	15.235524657739049
shittankiessay	31945	77858	2.4372515260604164	99	1261616	39.49337924557834	1687	16.204063808471833
Labour	31832	117258	3.6836516712741894	98	1931722	60.684908268409146	1673	16.474116904603523
Egalitarianism	31166	147238	4.7243149586087405	100	2499073	80.18587563370339	1720	16.97301647672476
evolutionReddit	31148	123375	3.960928470527803	125	1956451	62.811448568126366	1716	15.857758865248227
NewPatriotism	30693	102593	3.342553676734109	117	1563344	50.93487114325742	1716	15.238310605986763
ThanksObama	30518	69774	2.2863228258732553	91	938632	30.75666819581886	1598	13.452460802017944
MarchForScience	30347	100387	3.3079711338847333	83	1582569	52.14910864335849	1522	15.764680685746162
AskBernieSupporters	29977	134410	4.483770891016446	177	2089840	69.7147813323548	1794	15.548247898221858
overpopulation	29960	110454	3.6867156208277705	129	1765211	58.91892523364486	1694	15.981413076937006
USNEWS	29527	87074	2.948961967013242	85	1269481	42.99390388458021	1651	14.57933481865999
justicedemocrats	28992	113379	3.910699503311258	121	1843227	63.57709023178808	1731	16.257216944936893
ShitThe_DonaldSays	28360	74140	2.6142454160789845	68	1066018	37.58878702397743	1055	14.378446182897221
BadSocialScience	27885	115711	4.149578626501704	97	2035911	73.01097364174288	1796	17.594792197803148
altnewz	26960	87457	3.243954005934718	95	1328964	49.29391691394659	1642	15.195627565546497
TheMajorityReport	26792	89638	3.3457002090176173	92	1435862	53.592938190504626	1646	16.01845199580535
WikiInAction	26170	123333	4.712762705387848	123	2087170	79.75429881543752	1727	16.923045737961456
VirginiaPolitics	25975	90982	3.5026756496631375	93	1514223	58.295399422521655	1578	16.643105229605855
accidentallycommunist	25866	63813	2.4670610067269774	92	991700	38.33990566767185	1689	15.5407205428361
cyberlaws	25541	89210	3.4928154731608	107	1455402	56.98296856035394	1722	16.314336957740164
The_Europe	25357	69764	2.751271838151201	102	983927	38.80297353787908	1570	14.103649446706038
new_right	25346	89825	3.543951708356348	99	1450398	57.22394066124832	1716	16.146930141942665
seculartalk	24921	78971	3.1688535773042816	93	1237234	49.646242125115364	1622	15.666941028985324
YemeniCrisis	24908	76859	3.0857154327926772	95	1201880	48.252770194315076	1674	15.637466009185651
AntiTrumpAlliance	24332	80703	3.3167433831990794	72	1009909	41.50538385664968	1426	12.513896633334573
EndFPTP	23983	126002	5.253804778384689	112	2320386	96.7512821581954	1757	18.4154695957207
ndp	23531	82075	3.4879520632357317	125	1379350	58.61841825676767	1818	16.80597014925373
Physical_Removal	23454	56073	2.3907649015093373	84	770276	32.84198857337768	1408	13.737021382840226
CatholicPolitics	23433	100015	4.2681261468868685	87	1671409	71.32714547859855	1640	16.711583262510622
LibertarianDebates	23425	155154	6.623436499466382	120	2640581	112.72490928495198	1831	17.019097155084626
AOC	23379	76101	3.2551007314256384	102	1038163	44.405791522306345	1586	13.641910093165661
benshapiro	23048	92851	4.028592502603263	84	1476523	64.0629555709823	1727	15.902068906096865
TrueCatholicPolitics	23035	121130	5.2585196440199695	117	2037859	88.46794009116562	1805	16.82373483034756
scotus	22558	87454	3.8768507846440285	77	1500615	66.52251972692615	1583	17.158906396505593
IslamUnveiled	22038	84547	3.8364189127870043	143	1253304	56.870133405935206	1731	14.823754834589046
The_Farage	21888	57716	2.63687865497076	99	852307	38.939464546783626	1610	14.767256913160995
Donald_Trump	21317	96211	4.51334615565042	78	1333973	62.577895576300605	1354	13.865077797757014
Le_Pen	21030	55607	2.6441749881122205	159	772428	36.72981455064194	1713	13.890841081158847
politicsdebate	20984	122656	5.845215402211209	111	1993783	95.014439573008	1860	16.255079246021392
PoliticalCompass	20980	45442	2.1659675881792184	76	658262	31.375691134413728	1406	14.485762070331411
atheismplus	20463	101879	4.978693251233935	107	1740604	85.06103699359821	1636	17.085012613001698
Classical_Liberals	20434	84707	4.145394930018597	117	1416770	69.33395321522951	1781	16.725536260285455
PoliticalOpinions	20212	139694	6.911438749257867	131	2167762	107.25123688897685	1801	15.517932051483958
neveragainmovement	20183	86743	4.29782490214537	120	1355256	67.14839221126691	1759	15.62380826118534
anarchy	19981	50909	2.5478704769531055	96	782213	39.147840448426	1731	15.36492565165295
TruePoliticalHumor	19963	49571	2.4831438160597106	82	717319	35.93242498622452	1412	14.470537209255411
usanews	19849	60215	3.033654088367172	83	883488	44.51045392714998	1520	14.6722245287719
PragerUrine	19748	40489	2.0502835730200526	98	585194	29.63307676726757	1524	14.453160117562796
NeverTrump	19467	60230	3.0939538706529	95	899727	46.21806133456619	1573	14.938186950024905
GreenAndPleasant	19464	57210	2.939272503082614	105	888774	45.66245376078915	1618	15.535291033036183
GreenParty	18843	74361	3.946346123228785	107	1246085	66.12986254842647	1777	16.757238337300468
HillaryForAmerica	18469	49721	2.692132763008284	60	708128	38.34143700254481	903	14.242030530359406
FoxFiction	18024	46655	2.5884931202840655	93	674568	37.426098535286286	1658	14.45864323223663
LibertarianPartyUSA	18014	69023	3.8316309537026756	124	1093666	60.712001776396136	1718	15.844950233979977
Political_Tumor	17808	38667	2.1713274932614555	92	510975	28.693564690026953	1509	13.214756769338196
BernieSanders	17693	65411	3.6969988130899227	88	992249	56.081444639122815	1758	15.169451621286939
LateStageImperialism	17625	48421	2.747290780141844	98	759014	43.064624113475176	1436	15.675306168811053
Israel_Palestine	17501	91326	5.218330381121079	124	1565177	89.4335752242729	1700	17.13835052449467
EarthStrike	17413	57527	3.3036811577556997	139	910611	52.29489461896284	1655	15.82928016409686
Liberalist	16869	66647	3.950856600865493	106	1172423	69.50163020925959	1792	17.59153450267829
PoliticalMemes	16711	55357	3.31260846149243	99	737550	44.13559930584645	1517	13.323518254240657
CNNmemes	16617	46136	2.7764337726424744	120	651498	39.206716013720886	1558	14.121250216750477
guncontrol	16362	77208	4.718738540520719	114	1243059	75.97231389805647	1785	16.10013211066211
SocialDemocracy	16307	65752	4.032133439627154	98	1157560	70.9854663641381	1661	17.604939773695097
ExplainBothSides	16075	102582	6.381461897356143	101	1905229	118.52124416796268	1670	18.572741806554756
unfilter	15739	60486	3.843064997776225	95	999321	63.49329690577546	1591	16.52152564229739
ConservativesOnly	15707	40422	2.573502260138792	85	630453	40.138345960399825	1472	15.596778981742615
StormfrontorSJW	15539	38005	2.445781581826372	83	477267	30.71413861895875	1667	12.558005525588738
europeannationalism	15409	43498	2.822895710299176	99	633041	41.082549159582065	1665	14.553335785553358
DescentIntoTyranny	15381	45636	2.9670372537546323	88	696924	45.31070801638385	1476	15.271364712069419
LibertarianUncensored	15339	49197	3.2073146880500683	100	767548	50.038985592281115	1377	15.601520417911662
MissouriPolitics	15270	59076	3.868762278978389	87	962686	63.04426981008513	1516	16.29572076647031
alltheleft	15115	60418	3.997221303341052	123	1003400	66.38438637115448	1789	16.607633486709258
TrueTrueReddit	15109	71198	4.712290687669601	113	1235740	81.78833807664306	1794	17.356386415348744
Jreg	15067	26341	1.7482577819074798	83	367279	24.376385478197385	1566	13.943244371891728
europes	15063	54778	3.6365929761667664	93	941540	62.50680475336918	1635	17.188287268611486
GrassrootsSelect	15000	50213	3.3475333333333332	111	777858	51.8572	1655	15.491167625913608
Marxism	14768	68992	4.67172264355363	85	1267116	85.80146262188515	1655	18.366129406307977
StillSandersForPres	14761	50087	3.393198292798591	108	744048	50.4063410338053	1553	14.855112104937408
conservativecartoons	14699	34909	2.374923464181237	72	483233	32.87522960745629	1150	13.842648027729238
labor	14579	49079	3.366417449756499	83	783981	53.7746759036971	1568	15.973858473074024
FemraMeta	14354	68210	4.75198550926571	67	1190038	82.90636756304863	1330	17.446679372526024
obamacare	14291	67048	4.691624099083339	98	1079150	75.51256035266951	1552	16.09518553871853
LevantineWar	14222	45919	3.2287301364083816	108	723992	50.90648291379553	1679	15.76671965852915
The_Donald_CA	14221	39187	2.755572744532733	105	529289	37.21883130581534	1631	13.506749687396331
CommunismWorldwide	14188	57981	4.086622497885537	91	1036335	73.04306456160135	1790	17.873700005174108
MarchAgainstNazis	14077	54181	3.8489024650138526	71	716215	50.878383178233996	1453	13.218932836234105
RedditCensors	14005	42771	3.05398072117101	104	617828	44.1148161370939	1626	14.445021159196651
debateAMR	13907	75198	5.407205004673905	118	1247075	89.67246710289783	1873	16.583885209713024
Full_news	13840	40080	2.8959537572254335	59	596572	43.10491329479769	1259	14.884530938123753
WhereAreTheChildren	13831	44122	3.190080254500759	83	638816	46.187260501771384	1644	14.478400797787952
gue	13698	71930	5.251131552051394	99	1313172	95.86596583442838	1773	18.25624913109968
actualconspiracies	13690	47322	3.4566837107377646	98	765303	55.90233747260774	1590	16.172245467224545
republicans	13576	50551	3.7235562757807896	97	732767	53.975176782557455	1659	14.495598504480624
UnbiasedCanada	13566	45016	3.318295739348371	82	662270	48.818369453044376	1654	14.711880220366092
demsocialists	13520	75278	5.567899408284024	85	1084320	80.20118343195266	1670	14.40420840086081
PoliticalPhilosophy	13421	73446	5.47246851948439	104	1326690	98.85179941882124	1827	18.063475206273996
rojava	13293	46458	3.4949221394719023	98	763077	57.4044233807267	1839	16.425093632958802
Pyongyang	12928	25456	1.9690594059405941	37	345521	26.7265625	1337	13.57326367064739
nra	12877	52392	4.06864953017007	204	722511	56.10864331754291	1575	13.79048327989006
betternews	12731	46358	3.641347890974786	107	794170	62.380802764904566	1419	17.131239484015705
TheColorIsBlue	12718	107680	8.466740053467527	90	1985393	156.1089007705614	1669	18.437899331352156
israelexposed	12679	52647	4.152299077214291	152	872719	68.8318479375345	1806	16.576803996429046
AnarchistNews	12631	44734	3.5416039901828835	104	726079	57.483888844905394	1714	16.231032324406492
Drumpf	12620	33975	2.6921553090332804	101	479927	38.02908082408875	1592	14.12588668138337
politicalfactchecking	12471	52159	4.18242322187475	77	879719	70.54117552722316	1481	16.866101727410417
tytonreddit	12371	48173	3.8940263519521463	121	778216	62.906474820143885	1674	16.15460942851805
holocaust	11961	55451	4.63598361341025	110	931150	77.84884207006102	1752	16.792303114461415
NoNetNeutrality	11959	49418	4.132285308136132	96	815202	68.1664018730663	1692	16.496054069367435
TrumpForPrison	11924	35318	2.9619255283461925	73	490823	41.16261321704126	1403	13.897247862279857
dirtbagcenter	11910	20966	1.7603694374475232	63	290124	24.359697732997482	1269	13.837832681484308
propaganda	11877	45432	3.8252083859560497	93	745325	62.75364149195925	1600	16.40528702236309
QualitySocialism	11798	31116	2.6373961688421765	96	425387	36.05585692490253	1429	13.671005270600334
LibertarianLeft	11780	52539	4.460016977928693	82	900839	76.47190152801359	1587	17.146100991644303
Enough_AOC_Spam	11767	33557	2.851788901164273	96	514524	43.72601342738166	1861	15.332836665971332
DeathtoAmeriKKKa	11744	31714	2.7004427792915533	82	521542	44.409230245231605	1582	16.445166172668223
LeftWingMaleAdvocates	11623	68468	5.890733889701454	106	1229243	105.75952852103588	1743	17.953540340012854
2012Elections	11601	35674	3.075079734505646	59	552630	47.63641065425394	1361	15.491113976565567
YangGang	11545	29466	2.5522737115634473	106	431049	37.336422693806846	1494	14.628690694359602
ColoradoPolitics	11180	43267	3.870035778175313	95	668149	59.7628801431127	1400	15.442461922481337
qualitynews	11107	38526	3.468623390654542	98	617761	55.619069055550554	1678	16.034911488345532
dsa	11067	33311	3.0099394596548295	80	513308	46.381855968193726	1623	15.409564408153463
GAPol	11015	40029	3.6340444847934634	87	648497	58.87399001361779	1801	16.200679507357165
JoeBiden	11002	32626	2.9654608253044903	98	493450	44.85093619341938	1579	15.124440630172256
georgism	10932	62255	5.69474935967801	106	1242728	113.67800951335529	1794	19.9618986426793
Conservatives_R_Us	10829	38106	3.51888447686767	109	588131	54.31073968048758	1505	15.434078622789063
Right_Wing_Politics	10757	42294	3.931765362089802	70	603626	56.11471599888445	1533	14.2721426207027
canadaleft	10682	34530	3.2325407227111027	93	564778	52.87193409473881	1653	16.356154068925573
SocialismVCapitalism	10598	62940	5.938856387997736	135	1035653	97.72155123608228	1711	16.45460756275818
EuropeMeta	10493	38422	3.661679214714572	109	628750	59.92089964738397	1615	16.364322523554215
NationalSocialism	10415	38555	3.7018722995679307	113	644612	61.89265482477197	1572	16.719284139540914
NewJerseyuncensored	10394	41927	4.033769482393689	93	568247	54.670675389647876	1147	13.553247310802108
shitleftistssay	10389	31351	3.017711040523631	85	547313	52.681971315814806	1678	17.45759305923256
AskDemocrats	10252	50683	4.9437182988685135	95	814509	79.44879047990636	1646	16.070654854685003
irishpolitics	10128	30882	3.049170616113744	71	512198	50.57247235387046	1543	16.58564859788874
FULLDISCOURSE	10049	37802	3.7617673400338343	124	686109	68.27634590506518	1683	18.15007142479234
FreePolDiscussion	9868	32820	3.325901905147953	96	499973	50.666092419943254	1657	15.233790371724558
calexit	9794	39709	4.054421074127016	106	612081	62.495507453542984	1614	15.414163036087537
leftcommunism	9749	42443	4.353574725612884	87	832566	85.40014360447225	1640	19.616096882878214
GenZedong	9691	23266	2.4007842327933133	89	377008	38.90289959756475	1607	16.204246540015472
NSALeaks	9608	30979	3.224292256452956	76	599441	62.38977935054122	1500	19.34991445818135
ArabIsraeliConflict	9547	44677	4.679689954959673	106	645265	67.58824761705247	1701	14.442890077668599
Ultraleft	9519	20048	2.106103582309066	109	303661	31.900514759953776	1729	15.146697924980048
IWW	9512	30927	3.2513666947014297	59	533329	56.06907064760303	1468	17.24476994212177
jimmydore	9440	37039	3.923622881355932	100	601996	63.77076271186441	1708	16.253030589378763
IronFrontUSA	9438	23406	2.4799745708836616	69	351028	37.193049374867556	1720	14.997351106553875
capitalism_in_decay	9393	37363	3.97774938784201	50	603446	64.24422442244224	1272	16.150897947166982
BitcoinDiscussion	9306	62237	6.687835804857081	132	1092391	117.3856651622609	1766	17.552115301187396
MarchForNetNeutrality	9217	28066	3.0450254963654118	318	433642	47.048063361180425	1675	15.450794555690159
government	9204	28711	3.119404606692742	82	443147	48.14721860060843	1525	15.434746264497928
ActiveMeasures	9103	33988	3.733714160166978	95	564974	62.064594089860485	1624	16.622749205601977
marxism_101	9091	51582	5.673963260367397	135	1078567	118.64118358816413	1689	20.90975534101043
EcoInternet	8991	70237	7.811923034145257	97	1218452	135.51907463018574	1777	17.34772271025243
Trumpgrets	8881	21756	2.4497241301655217	57	314749	35.44071613557032	1137	14.467227431513146
arizonapolitics	8816	31945	3.623525408348457	100	469428	53.247277676951	1153	14.694881828142119
AusPol	8712	31211	3.58252984389348	71	533221	61.20534894398531	1560	17.084393322866937
futuristparty	8544	39880	4.667602996254682	96	691974	80.98946629213484	1708	17.351404212637913
ThisButUnironically	8512	19235	2.2597509398496243	63	294115	34.552984022556394	1210	15.290616064465818
EuropeanFederalists	8341	38203	4.580146265435799	78	686189	82.26699436518403	1701	17.961652226264953
LateStageSocialism	8267	25370	3.068827869843958	102	383719	46.415749364944965	1776	15.124911312573905
besteurope	8241	64189	7.788981919669943	40	1235875	149.96663026331757	787	19.25368832666033
Kamala	8170	28088	3.437943696450428	104	433745	53.08996328029376	1618	15.442359726573626
Askpolitics	8159	37729	4.624218654246844	100	615923	75.49001103076357	1511	16.324922473428927
PeoplesPartyofCanada	8062	26868	3.332671793599603	77	406714	50.44827586206897	1549	15.137486973351198
Digital_Manipulation	7970	34219	4.293475533249686	97	522196	65.52020075282309	1845	15.260410882842866
AnCap101	7929	46042	5.806785218817001	97	811645	102.36410644469669	1622	17.628361061639374
BreakingNews24hr	7906	51318	6.491019478876803	70	904623	114.42233746521629	1672	17.627791418215832
democraticparty	7690	27872	3.62444733420026	88	359204	46.710533159947985	1484	12.887629161882893
ShittyDebateCommunism	7628	19364	2.5385422128998427	112	286128	37.51022548505506	1726	14.776285891344763
anarchocommunism	7488	32467	4.335870726495727	85	571586	76.33360042735043	1748	17.605137524255397
censorship	7455	26550	3.561368209255533	113	435065	58.3588195841717	1764	16.38662900188324
AnarchismOnline	7389	32390	4.383543104614968	130	572843	77.52645824874814	1806	17.68579808582896
foreignpolicy	7302	140391	19.226376335250617	137	2734307	374.4600109559025	1716	19.47636956784979
Communalists	7300	30815	4.221232876712329	77	569648	78.03397260273972	1443	18.486061982800585
antiwar	7256	29290	4.036659316427784	116	474074	65.33544652701212	1773	16.185524069648345
libtard	7225	17575	2.4325259515570936	106	246866	34.1683044982699	1558	14.04642958748222
SmugIdeologyMan	7147	17062	2.387295368686162	99	270130	37.796278158667974	975	15.832258820771305
demsocialist	7092	25896	3.6514382402707275	78	433199	61.082769317540894	1670	16.728413654618475
stopadvertising	6836	18739	2.7412229373902868	58	279052	40.820947922761846	1540	14.891509685682268
Agorism	6833	30363	4.443582613786038	85	509895	74.62242060588322	1677	16.793301057207785
NewsWhatever	6819	71848	10.536442293591437	117	1225001	179.64525590262502	1709	17.049897004787887
feminismformen	6796	38395	5.6496468510888755	102	686556	101.02354326074162	1807	17.881390806094544
craftofintelligence	6795	23698	3.4875643855776306	104	376754	55.4457689477557	1688	15.898134863701578
WhatsMyIdeology	6772	19042	2.8118724158298876	83	302297	44.63924985233314	1305	15.875275706333369
Democrats2020	6765	21766	3.217442719881744	81	333111	49.24035476718404	1457	15.304190021133879
RepublicanValues	6758	15339	2.2697543651968037	85	224044	33.15241195620006	1574	14.606167286002998
union	6722	25004	3.719726271942874	122	392782	58.43231181196072	1614	15.708766597344425
ShitPoppinKreamSays	6596	21847	3.3121588841722254	76	340160	51.570648878107946	1574	15.570101158053737
nevadapolitics	6585	22197	3.370842824601367	64	376823	57.224449506454064	1400	16.976303104023067
bernieblindness	6473	17285	2.670322879653947	94	255097	39.40939286266028	1464	14.758287532542667
badgovnofreedom	6458	39099	6.054351192319603	70	686794	106.34778569216476	1510	17.565513184480423
The_MuellerMeltdown	6414	15483	2.413938260056127	82	200105	31.19816027439975	1365	12.924174901504877
GUARDIANauto	6412	52378	8.168746101060512	48	996857	155.4674048658765	792	19.03197907518424
MensRightsMeta	6408	27573	4.302902621722846	224	432582	67.5065543071161	1502	15.688608421281689
trollfare	6331	23865	3.769546675090823	124	383250	60.53546043279103	1831	16.059082338152106
econmonitor	6315	28175	4.46159936658749	60	501624	79.43372921615202	1185	17.803868677905946
KasichForPresident	6112	18868	3.087041884816754	60	303507	49.65755890052356	1464	16.08580665677337
FLgovernment	6084	19528	3.2097304404996714	56	301795	49.60470085470085	941	15.454475624743957
thenewcoldwar	6075	25186	4.145843621399177	107	431530	71.03374485596707	1706	17.133725085364887
ModernPropaganda	6069	16384	2.6996210248805403	58	242065	39.88548360520679	972	14.77447509765625
europeans	6046	25097	4.151008931524975	98	465829	77.04746940125703	1434	18.561142766067658
postnationalist	6038	21514	3.5631003643590593	112	354377	58.691122888373634	1720	16.471925257971552
realworldpolitics	5889	20007	3.3973509933774833	91	293835	49.89556800815079	1606	14.686609686609687
anarcho_primitivism	5864	26508	4.520463847203274	96	461187	78.64716916780355	1624	17.3980307831598
MedicareForAll	5839	24709	4.231717759890392	112	404532	69.28104127419078	1571	16.371848314379378
NoFilterNews	5800	42040	7.248275862068965	95	711222	122.62448275862069	1527	16.917745004757375
PalestineCircleJerk	5781	24286	4.201003286628611	123	350558	60.6396817159661	1700	14.434571357984023
Trump_Watch	5696	25808	4.530898876404494	78	365882	64.23490168539325	1357	14.177076875387478
race	5681	27168	4.782256644956874	163	426535	75.08097165991903	1545	15.6999042991755
mutualism	5663	27187	4.800812290305492	82	552937	97.64029666254635	1636	20.338286681134367
indianmuslims	5596	23202	4.1461758398856325	84	381059	68.09488920657613	1628	16.423541074045342
Political_Tweets	5591	15884	2.8409944553747093	104	222382	39.77499552852799	1476	14.000377738604886
thenewsrightnow	5565	46772	8.404672057502246	72	851156	152.94806828391734	1553	18.197981698452065
ShitNeoconsSay	5561	13675	2.459090091710124	84	211282	37.9935263441827	1537	15.450237659963436
UMukhasimAutoNews	5547	48481	8.740039661078061	110	886031	159.73156661258338	1731	18.27584001980157
mmt_economics	5544	35428	6.390331890331891	108	645403	116.41468253968254	1725	18.217313988935306
JamesDamore	5501	24609	4.4735502635884385	113	414778	75.40047264133794	1668	16.854727945060752
BDS	5478	23810	4.3464768163563345	96	339805	62.03085067542899	1546	14.27152456950861
TheRecordCorrected	5428	15866	2.922991893883567	108	223620	41.19749447310243	930	14.094289676036809
googoogahgah	5428	9944	1.8319823139277818	48	154643	28.489867354458365	1415	15.551387771520515
agitation	5425	16903	3.1157603686635946	101	257074	47.386912442396316	1525	15.208779506596462
theredpillright	5405	30875	5.712303422756706	102	505592	93.54153561517114	1613	16.37544939271255
ReddLineNews	5346	68666	12.8443696221474	121	1206872	225.75233819678263	1684	17.57597646579093
AltRightChristian	5318	21817	4.102482136141407	120	332126	62.45317788642347	1176	15.223266260255764
nyspolitics	5302	18194	3.4315352697095434	82	271177	51.14617125612976	1607	14.904748818291745
conspiracyfact	5267	20685	3.927283083349155	115	356856	67.75318017846972	1666	17.251921682378534
shitneoliberalismsays	5153	16220	3.1476809625460898	77	270069	52.41005239666214	1438	16.650369913686806
distributism	5146	27419	5.32821609016712	85	508025	98.72230858919549	1424	18.528210365075314
politicalhinduism	5127	15667	3.0557831090306222	88	223704	43.63253364540667	1429	14.278674921810174
TheNewsFeed	5120	29499	5.7615234375	75	491086	95.915234375	1527	16.64754737448727
The_Leftorium	5119	11521	2.2506348896268804	157	178724	34.91385036139871	1908	15.51288950611926
brealism	5080	30534	6.010629921259842	112	588280	115.80314960629921	1801	19.26639156350298
NeutralTalk	5079	30479	6.000984445757039	113	548735	108.03996849773577	1707	18.003707470717544
EnoughIDWspam	5068	15884	3.134175217048145	78	267305	52.74368587213891	1784	16.82856962981617
TheColorIsRed	5057	101145	20.000988728495155	133	1918305	379.33656317975084	1870	18.965890553166247
ConservativeLounge	5054	35542	7.032449544914919	88	612655	121.2218045112782	1804	17.237493669461482
True_AskAConservative	4998	32323	6.4671868747499	118	577634	115.57302921168467	1651	17.870680320514804
Marco_Rubio	4962	17353	3.4971785570334544	62	251228	50.6303909713825	853	14.47749668645191
DonaldTrumpWhiteHouse	4938	54760	11.089509923045767	135	969664	196.36776022681246	1776	17.707523739956173
greed	4928	17220	3.4943181818181817	75	274281	55.65767045454545	1491	15.928048780487805
The3rdPosition	4823	16570	3.435620982790794	62	282137	58.498237611445155	1389	17.026976463488232
pol	4801	16091	3.3515934180379086	83	203232	42.33118100395751	1739	12.630165931265925
TYT	4697	19107	4.067915690866511	77	318602	67.83095592931659	1591	16.674621866331712
TraaButNoCommies	4688	13883	2.9613907849829353	100	225004	47.9957337883959	1552	16.207159835770366
Mueller	4659	15760	3.382700150246834	75	238230	51.13329040566645	1559	15.116116751269036
debatepoliticalphil	4585	36623	7.987568157033806	105	638601	139.280479825518	1680	17.437156977855444
fivethirtyeight	4546	15356	3.377914650241971	49	261130	57.44170699516058	954	17.005079447772857
yimby	4532	15376	3.3927625772285968	76	266534	58.81156222418358	1424	17.334417273673257
Foxhidesinfo	4507	17573	3.89904592855558	119	261505	58.021965830929666	1732	14.881067546804758
UK_Politics	4447	17310	3.892511805711716	142	289645	65.13267371261524	1787	16.732813402657424
CanadianPolitics	4443	15477	3.4834571235651586	82	239870	53.98829619626378	1048	15.498481617884602
MarketAnarchism	4418	22459	5.0835219556360345	83	406832	92.08510638297872	1573	18.114430740460396
metaNL	4356	10871	2.4956382001836546	50	141310	32.44031221303948	753	12.998804157851163
Ask_TheDonald	4334	19309	4.45523765574527	91	294243	67.89178587909552	1685	15.238645191361542
TheLeftCantMeme	4318	10074	2.333024548402038	50	140846	32.61834182491894	826	13.9811395672027
LeftistHotTakes	4278	13089	3.05960729312763	58	232984	54.46096306685367	1303	17.799984719993887
shitfascistssay	4272	8014	1.875936329588015	94	113577	26.58637640449438	1233	14.172323433990517
inslee2020	4211	21141	5.020422702445975	53	256588	60.93279506055569	1109	12.136985005439668
Romney	4194	15897	3.790414878397711	112	235286	56.10061993323796	1582	14.800654211486444
anarchomemes	4187	11524	2.752328636255075	58	165383	39.49916407929305	1403	14.351180145782715
Sorosforprison	4154	11379	2.739287433798748	81	158644	38.190659605199805	1470	13.9418226557694
AntiSemitismInReddit	4120	14531	3.5269417475728155	84	208274	50.55194174757282	1505	14.333080999242998
PublicLands	4102	18700	4.558751828376402	59	359528	87.64700146270113	1443	19.226096256684492
fullstalinism	4031	15230	3.778218804266931	71	286516	71.07814438104688	1503	18.812606697307945
NonAustrianEconomics	4017	19745	4.915359721184964	87	347763	86.57281553398059	1707	17.612712079007345
irredeemables	3934	9868	2.5083884087442807	42	132009	33.555922724961874	863	13.377482772598297
AmalaNetwork	3766	11921	3.1654275092936803	83	213952	56.81147105682422	1496	17.94748762687694
gulag	3753	11128	2.9650945909938717	91	158127	42.13349320543565	1602	14.209831056793673
politicalcartoons	3743	9474	2.5311247662302967	66	134623	35.96660432807908	1243	14.209731897825629
MideastPeace	3685	17907	4.859430122116689	89	312838	84.89497964721845	1728	17.470151337465797
BernieSandersSucks	3681	11145	3.0277098614506928	75	157033	42.660418364574845	1054	14.089995513683267
Postleftanarchism	3675	16892	4.596462585034014	75	295821	80.49551020408163	1350	17.512491120056833
HateSubsInAction	3669	9714	2.6475878986099755	86	142288	38.781139275006815	1445	14.647724933086268
EnoughObamaSpam	3655	10738	2.937893296853625	78	161226	44.11108071135431	1558	15.01452784503632
MurderedByAOC	3635	9802	2.69656121045392	70	139047	38.252269601100416	1038	14.185574372577024
Zionism	3606	18466	5.120909595119246	88	320634	88.91680532445923	1606	17.363478825950395
Occupy	3599	15060	4.184495693248125	96	245405	68.18699638788553	1546	16.29515272244356
revolution	3598	16072	4.466926070038911	117	256844	71.3852140077821	1690	15.980836236933797
Our_Politics	3586	11167	3.1140546569994423	106	170675	47.594813162297825	1401	15.283872123220203
PalestineIntifada	3577	22505	6.291585127201565	100	364533	101.91025999440872	1620	16.197867140635413
HeadlineCorrections	3565	12429	3.4863955119214585	95	181035	50.781206171107996	1595	14.565532223026793
conspiratocracy	3554	17361	4.884918401800788	85	292245	82.22988182329769	1580	16.8334197338863
IDontLikeRPolitics	3502	10584	3.0222729868646487	48	153934	43.956025128498	743	14.544028722600151
illinoispolitics	3477	11109	3.194995685936152	79	171281	49.26114466494104	1795	15.418219461697722
wakinguppodcast	3463	15533	4.48541726826451	102	261658	75.55818654345943	1813	16.84529710938003
Dave_Rubin	3429	12751	3.7185768445610967	109	218998	63.86643336249635	1615	17.174966669280842
PoliticalHumour	3412	8272	2.4243845252051583	62	115370	33.81301289566237	922	13.947050290135396
IsraelSubredditWatch	3327	13499	4.057409077246769	105	205652	61.81304478509168	1715	15.234609971108972
GreenNewDeal	3312	13555	4.092693236714976	77	219484	66.26932367149759	1642	16.192106233862045
secondamendment	3311	13237	3.9978858350951376	94	218624	66.02959830866807	1668	16.516129032258064
globalistshills	3305	10949	3.31285930408472	65	194977	58.99455370650529	1141	17.80774499954334
AustraliaLeftPolitics	3279	11692	3.5657212564806344	71	193334	58.96126867947545	1434	16.535579883681148
stevencrowder	3271	11619	3.552124732497707	82	172540	52.74839498624274	1173	14.849814958258026
FreeSpeechWorld	3271	8062	2.4646896973402628	76	114774	35.08835218587588	833	14.236417762341851
LibertarianFreeState	3218	10794	3.3542573026724676	63	162967	50.64232442510876	1271	15.097924773022049
terrorism	3184	11792	3.7035175879396984	64	194982	61.23806532663317	1393	16.53510854816825
nonmorons	3146	18395	5.847107438016529	89	266418	84.68467895740623	1585	14.48317477575428
ukright	3145	10381	3.3007949125596183	89	196703	62.54467408585056	1659	18.94836720932473
chinareddits	3122	8553	2.73959000640615	53	127442	40.82062780269058	1159	14.900268911493043
AsAGunOwner	3114	10124	3.2511239563262686	99	154546	49.62941554271034	1545	15.265310154089292
InternationalNews	3097	8124	2.623183726186632	66	121068	39.0920245398773	1298	14.902511078286558
ConservativeNewsWeb	3065	6830	2.2283849918433933	69	81215	26.497553017944536	1425	11.890922401171304
2016_elections	3056	11839	3.87401832460733	71	189401	61.976767015706805	1371	15.998057268350367
RedEnsign	3031	11085	3.6572088419663475	103	174510	57.57505773672055	1462	15.742895805142084
NegaRedditRedux	3021	7670	2.5388944058258853	54	126006	41.71002979145978	751	16.428422425032593
MetaRepublican	3010	16113	5.353156146179402	103	266008	88.37475083056478	1948	16.508905852417303
LiberalsvsNazis	3005	7931	2.639267886855241	45	105508	35.110815307820296	1210	13.303240448871517
DitchMitch	2990	6660	2.2274247491638794	59	93004	31.105016722408028	862	13.964564564564565
FreeEuropeNews	2985	19952	6.684087102177554	40	305165	102.23283082077052	787	15.294957898957499
europeanunion	2963	10274	3.467431657104286	118	170661	57.597367532905835	1542	16.610959704107454
KochWatch	2949	8755	2.968802984062394	61	150077	50.89081044421838	1400	17.141861793260993
TennesseePolitics	2946	10331	3.5067888662593347	38	170826	57.985743380855396	936	16.535282160487853
historicalrage	2943	12054	4.095820591233435	132	203262	69.06625891946993	2425	16.862618218018916
nrxn	2942	13729	4.6665533650577835	75	244340	83.05234534330387	1332	17.797363245684316
worldtoday	2923	8786	3.005815942524803	91	130487	44.64146424905918	1488	14.851695879808787
donaldtrump	2918	9615	3.2950651130911583	68	135971	46.59732693625771	1542	14.14154966198648
GBPolitics	2916	15869	5.4420438957476	82	318112	109.09190672153635	1613	20.046127670300585
ConservativeMeta	2872	10624	3.6991643454039	83	160231	55.79073816155989	1666	15.081984186746988
neoprogs	2847	12509	4.393747804706709	119	222356	78.10186160871092	1871	17.775681509313294
SethRich	2793	11051	3.9566774078052274	128	152119	54.46437522377372	1501	13.765179621753687
PraxAcceptance	2762	6953	2.5173787110789285	69	88164	31.92034757422158	1527	12.679994247087588
abetterworldnews	2735	10489	3.8351005484460696	48	177750	64.99085923217551	806	16.946324721136428
LateStageCommunism	2732	8121	2.9725475841874083	85	123040	45.03660322108345	1334	15.150843492180766
ImABlue	2731	19598	7.176125961186378	65	366805	134.31160746979128	1618	18.716450658230432
thomasjefferson	2728	7130	2.6136363636363638	63	104703	38.3808651026393	1075	14.684852734922861
Polcompball	2680	4694	1.751492537313433	45	66607	24.853358208955225	744	14.189816787388155
syrianconflict	2653	10725	4.042593290614398	92	177121	66.76253298153034	1606	16.514778554778555
MassachusettsPolitics	2636	8495	3.2226858877086495	89	131356	49.83156297420334	1241	15.462742789876398
trump16	2614	12193	4.664498852333589	81	146542	56.06044376434583	1402	12.018535225129172
AgainstTheChimpire	2604	17686	6.791858678955453	130	274202	105.30030721966206	1726	15.503901390930679
EnoughCapitalistSpam	2602	8745	3.3608762490392006	83	112614	43.27978478093774	1297	12.877530017152658
fascist	2593	7950	3.065946779791747	55	119631	46.136135750096415	903	15.047924528301888
AnybodyButHillary	2562	7568	2.9539422326307574	86	116111	45.32045277127244	1551	15.342362579281184
Identitarians	2562	7651	2.9863387978142075	77	118450	46.233411397345826	1156	15.48163638740034
bernie	2548	8295	3.2554945054945055	138	127148	49.9010989010989	1216	15.328270042194093
iranpolitics	2513	9442	3.7572622363708716	74	156290	62.19259848786311	1386	16.55263715314552
OperationPullRyan	2510	8631	3.438645418326693	53	133186	53.06215139442231	1010	15.43112038002549
actualliberalgunowner	2483	9085	3.6588803866290776	74	158680	63.90656463954893	1453	17.46615299944964
2016Elections	2478	8769	3.5387409200968523	92	139134	56.14769975786925	1598	15.866575436195689
OntarioPolitics	2456	9262	3.771172638436482	57	141383	57.5663680781759	968	15.264845605700712
Oregon_Politics	2435	9102	3.7379876796714577	61	151102	62.054209445585215	1205	16.600966820479016
RedsKilledTrillions	2435	5324	2.186447638603696	131	76182	31.28624229979466	1301	14.309166040570998
The_Cabal	2415	6024	2.4944099378881988	36	90393	37.429813664596274	795	15.005478087649402
gravelforpresident	2401	6228	2.5939192003331946	91	95132	39.62182423990004	1704	15.274887604367374
RepublicansForSanders	2398	9928	4.140116763969975	82	158217	65.97873227689742	1687	15.936442385173248
Pragmatism	2388	14600	6.11390284757119	69	268925	112.61515912897822	1239	18.419520547945204
YangForPresident	2318	8947	3.859792924935289	81	146261	63.09792924935289	1314	16.34749077903208
TedCruzForPresident	2316	6591	2.8458549222797926	77	101033	43.62392055267703	1377	15.328933394022151
taxmarch	2282	7031	3.081069237510955	59	103217	45.23093777388256	932	14.680273076376048
Policy2011	2248	10392	4.622775800711744	38	206725	91.95951957295374	933	19.892705927636644
EmergingRisks	2230	10360	4.645739910313901	76	174810	78.39013452914799	1567	16.873552123552123
New_Jersey_Politics	2188	8024	3.6672760511883	68	119397	54.569012797074954	1241	14.879985044865403
BerlinTruckAttack	2182	6659	3.0517873510540787	38	91891	42.11319890009166	948	13.79951944736447
PresidentWarren	2165	6615	3.0554272517321017	59	98998	45.726558891454964	1261	14.965684051398338
militant	2142	6436	3.0046685340802988	51	96131	44.87908496732026	992	14.936451211932878
Government_is_lame	2136	4845	2.268258426966292	44	71368	33.41198501872659	611	14.730237358101135
AprogressiveParty	2122	8790	4.142318567389255	69	147590	69.55230914231856	1350	16.790671217292378
HongKongProtest	2100	6591	3.138571428571429	75	92226	43.917142857142856	1347	13.992717341829767
AlexandriaOcasio	2100	6619	3.151904761904762	137	91877	43.750952380952384	1270	13.880797703580601
IAMALiberalFeminist	2091	10397	4.9722620755619324	75	168603	80.63271162123385	1376	16.216504760988748
FakeProgressives	2046	7487	3.6593352883675463	83	119382	58.348973607038126	1431	15.945238413249633
IWG	2032	9402	4.626968503937008	63	157954	77.73326771653544	1370	16.800042544139544
RsocialismMeta	2009	9480	4.718765555002489	61	164810	82.0358387257342	1331	17.385021097046412
Newsy	2009	14655	7.294673967147835	43	272167	135.4738675958188	1239	18.57161378369157
communists	1987	10428	5.2481127327629595	67	224179	112.82284851534978	1665	21.497794399693134
EuropeanSocialists	1958	7227	3.691011235955056	84	118716	60.631256384065374	1317	16.42673308426733
MENAConflicts	1948	7100	3.64476386036961	71	126186	64.77720739219713	1457	17.772676056338028
AskFemmeThoughts	1931	12895	6.677887105126877	104	229281	118.7369238736406	1516	17.780612640558356
IntelligenceNews	1912	23558	12.32112970711297	141	482540	252.3744769874477	1746	20.48306307835979
socialanarchism	1879	7934	4.222458754656732	88	134700	71.68706758914315	1667	16.97756491051172
VaushVidya	1872	5882	3.142094017094017	84	102773	54.900106837606835	1391	17.47245834750085
SpeechFree	1868	5202	2.784796573875803	48	74517	39.89132762312634	852	14.324682814302191
Reform_The_DNC	1841	8114	4.407387289516567	45	126860	68.9082020640956	748	15.634705447374907
libertarianaustralia	1828	7201	3.9392778993435447	83	116062	63.49124726477024	1361	16.11748368282183
EducatingLiberals	1811	5850	3.2302595251242407	46	87114	48.10270568746549	943	14.891282051282051
TommyRobinson	1789	6434	3.596422582448295	96	97875	54.70933482392398	1285	15.212154180913895
BCpolitics	1787	7420	4.1522104085058755	80	121672	68.08729714605484	1379	16.397843665768193
wexit	1779	7401	4.160202360876897	99	111384	62.61045531197302	1704	15.049858127280098
exlibertarian	1746	10394	5.953035509736541	102	175358	100.43413516609392	1526	16.87107946892438
Lessig2016	1737	8227	4.736327000575705	94	152887	88.01784686240644	1762	18.583566306065393
CAVDEF	1730	7160	4.138728323699422	80	114720	66.3121387283237	1439	16.022346368715084
BeardTube	1713	5397	3.15061295971979	75	90771	52.98949211908932	1399	16.818788215675376
WayOfTheAloha	1702	5405	3.175675675675676	40	83187	48.87602820211516	908	15.390749306197964
IndoPakDialogue	1690	8730	5.165680473372781	104	126387	74.78520710059172	1694	14.477319587628866
acteuropa	1670	8814	5.277844311377246	88	161937	96.9682634730539	1765	18.372702518720217
Vote_Trump	1658	5103	3.077804583835947	87	68219	41.1453558504222	1233	13.36841073878111
venezuelancivilwar	1624	7819	4.814655172413793	100	138101	85.03756157635468	1611	17.66223302212559
ThreeArrows	1607	5899	3.670815183571873	94	102004	63.47479775980087	1655	17.291744363451432
antifapassdenied	1586	4509	2.843001261034048	42	61329	38.66897856242119	978	13.60146373918829
ArrestedCanadaBillC16	1581	4700	2.9728020240354205	33	75952	48.040480708412396	772	16.16
AnticommieCringe	1568	3090	1.9706632653061225	74	44420	28.32908163265306	1084	14.375404530744337
slatestarcodex_cw	1537	8245	5.3643461288223815	82	147892	96.22121014964216	1555	17.937174044875682
Hillary	1532	5615	3.6651436031331595	74	84161	54.93537859007833	1273	14.98860195903829
NATOrussianconflict	1508	4903	3.2513262599469495	83	81986	54.36737400530504	1440	16.721599021007545
LeftieZ	1479	4073	2.7538877620013524	46	61077	41.29614604462475	681	14.995580653081268
MobilizedMinds	1469	6445	4.387338325391423	86	111273	75.74744724302246	1556	17.265011636927852
Albertapolitics	1431	4431	3.0964360587002098	141	66022	46.13696715583508	1042	14.900022568269014
RiseUPP	1429	5424	3.7956613016095173	88	90239	63.14835549335199	1389	16.63698377581121
TimCanova	1414	3817	2.6994342291371995	26	53980	38.17538896746817	616	14.141996332198062
China_Debate	1354	7020	5.1846381093057605	74	123127	90.9357459379616	1564	17.53945868945869
SyndiesUnited	1352	3310	2.448224852071006	61	55496	41.04733727810651	1269	16.766163141993957
GeneralStrikeUSA	1345	4748	3.5301115241635688	51	74265	55.215613382899626	726	15.641322662173547
PoliticalHorrorStory	1241	4410	3.5535858178887993	56	62432	50.30781627719581	1078	14.156916099773243
HBDstats	1226	3426	2.794453507340946	53	50550	41.231647634584014	703	14.754816112084063
HanAssholeSolo	1223	4048	3.3098937040065413	34	61563	50.337694194603436	491	15.208250988142293
ImpeachmentWatch	1195	3569	2.9866108786610877	35	49802	41.67531380753138	555	13.954048753152144
